trade_date,open,high,low,close,volume,openinterest
2020-01-02,1817.67,1850.42,1806.75,1841.69,1530231.87,0
2020-01-03,1849.33,1889.72,1847.15,1875.53,1116194.81,0
2020-01-06,1856.97,1893.0,1846.05,1863.52,862083.5,0
2020-01-07,1870.07,1886.45,1850.42,1872.26,728607.56,0
2020-01-08,1855.88,1861.34,1815.49,1818.76,847824.12,0
2020-01-09,1835.14,1848.24,1804.57,1832.95,1031636.65,0
2020-01-10,1832.95,1835.14,1803.48,1822.04,585548.45,0
2020-01-13,1828.59,1859.15,1813.3,1854.79,872133.36,0
2020-01-14,1854.79,1885.36,1829.68,1829.68,1304493.66,0
2020-01-15,1832.95,1840.6,1795.84,1803.48,859439.12,0
2020-01-16,1803.48,1808.94,1768.54,1782.74,1028104.67,0
2020-01-17,1788.19,1806.75,1784.92,1789.29,605436.69,0
2020-01-20,1793.65,1813.3,1784.92,1795.84,746074.75,0
2020-01-21,1783.83,1783.83,1739.07,1746.71,896603.1,0
2020-01-22,1737.98,1764.18,1715.05,1756.54,719464.91,0
2020-01-23,1737.98,1737.98,1680.12,1696.49,1100592.07,0
2020-02-03,1527.28,1604.79,1527.28,1527.28,2259194.83,0
2020-02-04,1533.83,1600.42,1530.55,1593.87,1706172.07,0
2020-02-05,1592.78,1625.53,1563.31,1597.15,1491380.21,0
2020-02-06,1616.8,1623.35,1584.05,1612.43,1185815.72,0
2020-02-07,1593.87,1603.7,1573.13,1596.06,924852.96,0
2020-02-10,1584.05,1586.23,1561.12,1582.96,1339495.24,0
2020-02-11,1593.87,1630.99,1589.51,1614.62,1407507.44,0
2020-02-12,1614.62,1617.89,1593.87,1612.43,1070503.21,0
2020-02-13,1605.88,1624.44,1594.96,1599.33,1013205.28,0
2020-02-14,1610.25,1652.82,1604.79,1640.82,1512434.73,0
2020-02-17,1641.91,1677.93,1629.9,1677.93,1543696.01,0
2020-02-18,1673.57,1673.57,1638.63,1659.37,973612.35,0
2020-02-19,1648.46,1677.93,1646.27,1663.74,874106.93,0
2020-02-20,1667.02,1705.23,1648.46,1701.95,1235444.34,0
2020-02-21,1691.03,1716.14,1686.67,1700.86,995071.02,0
2020-02-24,1687.76,1687.76,1653.92,1662.65,1191794.5,0
2020-02-25,1637.54,1651.73,1613.52,1641.91,1144575.02,0
2020-02-26,1612.43,1667.02,1604.79,1636.45,1176599.15,0
2020-02-27,1633.17,1653.92,1625.53,1649.55,975270.9,0
2020-02-28,1621.17,1641.91,1578.59,1582.96,1300644.45,0
2020-03-02,1588.41,1632.08,1578.59,1614.62,1116580.66,0
2020-03-03,1633.17,1636.45,1597.15,1606.97,1153584.32,0
2020-03-04,1602.61,1613.52,1584.05,1603.7,862595.23,0
2020-03-05,1615.71,1707.41,1608.07,1680.12,2686602.34,0
2020-03-06,1657.19,1667.02,1639.72,1640.82,1228531.03,0
2020-03-09,1605.88,1608.07,1574.22,1577.5,1665793.54,0
2020-03-10,1569.86,1621.17,1569.86,1611.34,1167864.97,0
2020-03-11,1612.43,1624.44,1596.06,1603.7,814381.64,0
2020-03-12,1599.33,1620.07,1586.23,1602.61,986497.11,0
2020-03-13,1517.45,1591.69,1517.45,1585.14,1169765.8,0
2020-03-16,1577.5,1578.59,1501.08,1501.08,1406202.18,0
2020-03-17,1501.08,1525.1,1433.39,1463.96,1177849.06,0
2020-03-18,1463.96,1479.25,1380.99,1387.54,1384784.37,0
2020-03-19,1384.27,1390.82,1300.21,1335.14,1891457.13,0
2020-03-20,1353.7,1384.27,1338.42,1366.8,1578352.96,0
2020-03-23,1310.03,1348.24,1302.39,1326.41,1071113.64,0
2020-03-24,1353.7,1384.27,1339.51,1376.63,1180200.26,0
2020-03-25,1406.1,1426.84,1386.45,1405.01,1136957.74,0
2020-03-26,1395.18,1456.32,1388.63,1425.75,1075192.43,0
2020-03-27,1446.49,1460.69,1427.94,1435.58,653018.88,0
2020-03-30,1402.83,1423.57,1393.0,1412.65,661738.79,0
2020-03-31,1424.66,1429.03,1395.18,1397.37,513370.3,0
2020-04-01,1403.92,1433.39,1399.55,1407.19,520836.04,0
2020-04-02,1391.91,1415.93,1382.08,1415.93,518365.04,0
2020-04-03,1399.55,1407.19,1370.08,1376.63,825348.14,0
2020-04-07,1407.19,1412.65,1398.46,1406.1,870313.71,0
2020-04-08,1406.1,1410.47,1388.63,1395.18,528716.14,0
2020-04-09,1406.1,1407.19,1388.63,1390.82,408553.77,0
2020-04-10,1393.0,1417.02,1380.99,1396.28,666674.95,0
2020-04-13,1383.18,1387.54,1361.34,1374.44,446214.4,0
2020-04-14,1380.99,1403.92,1372.26,1403.92,686086.87,0
2020-04-15,1403.92,1411.56,1395.18,1405.01,656396.4,0
2020-04-16,1396.28,1396.28,1368.98,1384.27,789154.98,0
2020-04-17,1394.09,1423.57,1380.99,1407.19,1331164.77,0
2020-04-20,1403.92,1424.66,1394.09,1418.11,818455.83,0
2020-04-21,1451.95,1495.62,1451.95,1468.33,2122448.34,0
2020-04-22,1459.59,1465.05,1436.67,1444.31,1032802.74,0
2020-04-23,1444.31,1453.04,1431.21,1444.31,646989.63,0
2020-04-24,1437.76,1449.77,1431.21,1445.4,566001.61,0
2020-04-27,1451.95,1489.07,1446.49,1473.79,936829.9,0
2020-04-28,1468.33,1480.34,1448.68,1475.97,771564.17,0
2020-04-29,1471.6,1539.29,1468.33,1530.55,1108722.39,0
2020-04-30,1530.55,1563.31,1515.27,1520.73,819540.43,0
2020-05-06,1502.17,1516.36,1485.8,1503.26,1008998.02,0
2020-05-07,1502.17,1502.17,1484.7,1494.53,662749.23,0
2020-05-08,1502.17,1530.55,1493.44,1522.91,934781.7,0
2020-05-11,1519.64,1542.56,1517.45,1528.37,612862.29,0
2020-05-12,1522.91,1533.83,1497.8,1505.45,558511.14,0
2020-05-13,1501.08,1504.35,1477.06,1487.98,640358.79,0
2020-05-14,1479.25,1483.61,1443.22,1451.95,944672.09,0
2020-05-15,1461.78,1466.15,1434.49,1444.31,756794.47,0
2020-05-18,1441.04,1456.32,1432.3,1441.04,637208.57,0
2020-05-19,1463.96,1468.33,1448.68,1458.5,600368.64,0
2020-05-20,1460.69,1486.89,1448.68,1474.88,690851.07,0
2020-05-21,1475.97,1481.43,1458.5,1462.87,552312.0,0
2020-05-22,1455.23,1456.32,1410.47,1410.47,856237.33,0
2020-05-25,1415.93,1417.02,1393.0,1414.84,410170.78,0
2020-05-26,1421.39,1426.84,1412.65,1423.57,396212.4,0
2020-05-27,1424.66,1439.94,1414.84,1419.2,482962.94,0
2020-05-28,1429.2,1463.62,1422.53,1451.41,960760.31,0
2020-05-29,1444.74,1448.08,1434.75,1443.63,457808.22,0
2020-06-01,1454.74,1486.94,1452.52,1479.17,882960.55,0
2020-06-02,1475.84,1513.59,1474.73,1504.71,883458.88,0
2020-06-03,1514.7,1541.36,1499.16,1503.6,956803.08,0
2020-06-04,1502.49,1514.7,1489.16,1506.93,583066.33,0
2020-06-05,1510.26,1512.48,1491.38,1509.15,383026.9,0
2020-06-08,1519.15,1538.02,1508.04,1512.48,585971.9,0
2020-06-09,1514.7,1524.7,1502.49,1518.04,474300.07,0
2020-06-10,1522.48,1522.48,1488.05,1498.05,580476.2,0
2020-06-11,1485.83,1486.94,1443.63,1452.52,1349039.82,0
2020-06-12,1432.53,1445.85,1429.2,1442.52,1030550.57,0
2020-06-15,1426.98,1440.3,1421.42,1423.64,660313.07,0
2020-06-16,1432.53,1442.52,1428.09,1431.42,718059.1,0
2020-06-17,1431.42,1434.75,1416.98,1426.98,716468.24,0
2020-06-18,1416.98,1421.42,1398.1,1416.98,1119647.8,0
2020-06-19,1413.65,1425.87,1400.32,1421.42,1539521.78,0
2020-06-22,1414.76,1416.98,1401.43,1403.66,1319079.79,0
2020-06-23,1404.77,1409.21,1390.33,1399.21,990806.73,0
2020-06-24,1403.66,1430.31,1399.21,1421.42,1523220.48,0
2020-06-29,1434.75,1440.3,1411.43,1421.42,1038480.06,0
2020-06-30,1424.75,1430.31,1412.54,1421.42,937940.22,0
2020-07-01,1420.31,1460.29,1414.76,1456.96,1697390.01,0
2020-07-02,1452.52,1498.05,1440.3,1491.38,2590501.19,0
2020-07-03,1506.93,1590.22,1505.82,1582.44,3768333.63,0
2020-07-06,1621.31,1741.24,1620.2,1741.24,4711460.78,0
2020-07-07,1810.09,1846.74,1669.06,1719.03,3964427.47,0
2020-07-08,1691.27,1776.78,1691.27,1750.13,2631339.16,0
2020-07-09,1739.02,1739.02,1700.16,1724.59,2243994.4,0
2020-07-10,1704.6,1719.03,1639.08,1650.18,2158773.26,0
2020-07-13,1632.42,1674.61,1610.21,1653.52,1937160.12,0
2020-07-14,1654.63,1686.83,1615.76,1630.19,1953566.27,0
2020-07-15,1641.3,1650.18,1580.22,1584.66,2042562.83,0
2020-07-16,1588.0,1615.76,1568.01,1571.34,1930891.29,0
2020-07-17,1573.56,1585.78,1549.13,1570.23,1291346.77,0
2020-07-20,1580.22,1640.19,1565.79,1635.75,1979632.0,0
2020-07-21,1630.19,1630.19,1599.1,1609.1,1252865.69,0
2020-07-22,1609.1,1626.86,1584.66,1600.21,1312951.59,0
2020-07-23,1581.33,1586.89,1533.58,1555.79,2027525.87,0
2020-07-24,1551.35,1553.57,1490.27,1499.16,1830881.83,0
2020-07-27,1518.04,1519.15,1454.74,1470.28,1880653.35,0
2020-07-28,1481.39,1491.38,1463.62,1481.39,1217005.99,0
2020-07-29,1482.5,1513.59,1466.95,1503.6,1519580.25,0
2020-07-30,1499.16,1500.27,1484.72,1484.72,964067.63,0
2020-07-31,1474.73,1502.49,1471.4,1481.39,1165821.91,0
2020-08-03,1495.83,1512.48,1491.38,1509.15,1445096.16,0
2020-08-04,1516.93,1571.34,1496.94,1559.12,2445663.25,0
2020-08-05,1534.69,1538.02,1512.48,1528.03,1440203.13,0
2020-08-06,1534.69,1550.24,1515.81,1543.58,1352510.68,0
2020-08-07,1532.47,1543.58,1512.48,1521.37,988678.37,0
2020-08-10,1518.04,1556.9,1512.48,1549.13,1587710.35,0
2020-08-11,1551.35,1627.97,1551.35,1569.12,2603307.89,0
2020-08-12,1578.0,1610.21,1571.34,1596.88,1596811.7,0
2020-08-13,1599.1,1605.76,1570.23,1574.67,837261.75,0
2020-08-14,1565.79,1611.32,1561.34,1606.87,1103215.82,0
2020-08-17,1621.31,1704.6,1615.76,1686.83,3268027.8,0
2020-08-18,1687.94,1699.05,1655.74,1682.39,1350261.07,0
2020-08-19,1677.95,1704.6,1661.29,1676.84,1420928.11,0
2020-08-20,1666.84,1681.28,1613.54,1620.2,1333801.62,0
2020-08-21,1633.53,1633.53,1590.22,1604.65,1234517.33,0
2020-08-24,1610.21,1633.53,1600.21,1605.76,919448.86,0
2020-08-25,1616.87,1631.31,1605.76,1621.31,748320.22,0
2020-08-26,1621.31,1622.42,1585.78,1595.77,734117.72,0
2020-08-27,1599.1,1605.76,1566.9,1605.76,626666.77,0
2020-08-28,1583.55,1685.72,1583.55,1680.17,2410400.02,0
2020-08-31,1699.05,1741.24,1664.62,1674.61,1797129.54,0
2020-09-01,1661.29,1691.27,1652.4,1681.28,813642.58,0
2020-09-02,1666.84,1724.59,1666.84,1701.27,1679382.97,0
2020-09-03,1701.27,1702.38,1647.96,1654.63,1279841.59,0
2020-09-04,1635.75,1672.39,1621.31,1661.29,909889.99,0
2020-09-07,1652.4,1692.38,1646.85,1659.07,1031376.81,0
2020-09-08,1665.73,1713.48,1665.73,1713.48,1407601.66,0
2020-09-09,1694.6,1727.92,1680.17,1689.05,1013572.47,0
2020-09-10,1701.27,1719.03,1687.94,1703.49,957092.39,0
2020-09-11,1685.72,1699.05,1645.74,1666.84,954236.25,0
2020-09-14,1666.84,1699.05,1656.85,1699.05,680251.05,0
2020-09-15,1687.94,1719.03,1682.39,1704.6,657132.67,0
2020-09-16,1701.27,1725.7,1689.05,1714.59,722414.75,0
2020-09-17,1725.7,1745.69,1710.15,1729.03,988215.63,0
2020-09-18,1734.58,1786.77,1723.48,1784.55,1373193.3,0
2020-09-21,1776.78,1782.33,1744.58,1761.23,896161.65,0
2020-09-22,1740.13,1759.01,1709.04,1729.03,867756.31,0
2020-09-23,1731.25,1757.9,1722.37,1735.69,599200.47,0
2020-09-24,1731.25,1733.47,1679.06,1679.06,1061011.24,0
2020-09-25,1687.94,1700.16,1677.95,1686.83,614087.0,0
2020-09-28,1686.83,1706.82,1663.51,1700.16,612711.11,0
2020-09-29,1709.04,1711.26,1639.08,1643.52,1182374.4,0
2020-09-30,1643.52,1695.71,1643.52,1684.61,1217064.82,0
2020-10-09,1699.05,1726.81,1680.17,1685.72,900425.93,0
2020-10-12,1690.16,1782.33,1689.05,1765.67,1591347.15,0
2020-10-13,1765.67,1788.99,1751.24,1783.44,908819.48,0
2020-10-14,1781.22,1790.11,1754.57,1780.11,662562.36,0
2020-10-15,1798.99,1878.94,1793.44,1838.97,1600062.32,0
2020-10-16,1838.97,1928.92,1836.75,1898.93,2095614.19,0
2020-10-19,1921.14,2009.98,1921.14,1941.13,2016105.52,0
2020-10-20,1941.13,1954.46,1915.59,1947.79,960071.95,0
2020-10-21,1958.9,1998.88,1924.47,1988.88,1244560.18,0
2020-10-22,1992.21,2054.4,1921.14,1950.02,1890519.05,0
2020-10-23,1946.68,2085.49,1946.68,2013.31,1698501.68,0
2020-10-26,2021.09,2031.08,1937.8,1965.56,1175598.65,0
2020-10-27,1998.88,1998.88,1943.35,1972.22,1034865.04,0
2020-10-28,1972.22,1987.77,1920.03,1957.79,1205823.86,0
2020-10-29,1947.79,1991.1,1926.69,1973.34,846603.62,0
2020-10-30,1970.0,2038.85,1954.46,1971.11,1007803.83,0
2020-11-02,1960.01,2004.43,1924.47,1957.79,968452.77,0
2020-11-03,1966.67,2036.63,1965.56,1994.43,957868.63,0
2020-11-04,2037.74,2052.18,1994.43,2034.41,1247636.4,0
2020-11-05,2039.96,2054.4,1947.79,1965.56,1429469.44,0
2020-11-06,1966.67,1971.11,1912.26,1958.9,848781.53,0
2020-11-09,1962.23,1998.88,1947.79,1981.11,951424.32,0
2020-11-10,1998.88,2054.4,1991.1,2011.09,1021062.81,0
2020-11-11,2021.09,2032.19,1954.46,1977.78,940130.07,0
2020-11-12,1977.78,1992.21,1937.8,1961.12,677258.48,0
2020-11-13,1934.47,1940.02,1853.4,1907.82,1289189.23,0
2020-11-16,1896.71,1935.58,1876.72,1928.92,759856.93,0
2020-11-17,1930.03,1991.1,1915.59,1980.0,852930.51,0
2020-11-18,1974.45,2054.4,1971.11,2049.96,1373400.72,0
2020-11-19,2064.4,2107.7,2032.19,2093.27,1211740.62,0
2020-11-20,2091.05,2108.81,2056.62,2094.38,673919.22,0
2020-11-23,2093.27,2178.78,2087.72,2178.78,1165858.26,0
2020-11-24,2178.78,2185.44,2128.8,2149.9,678543.23,0
2020-11-25,2163.23,2187.66,2115.48,2116.59,552585.01,0
2020-11-26,2115.48,2177.67,2113.26,2165.45,639657.89,0
2020-11-27,2220.97,2220.97,2152.12,2187.66,753773.74,0
2020-11-30,2209.87,2318.7,2175.44,2192.1,1581441.28,0
2020-12-01,2187.66,2277.61,2154.34,2226.53,1263719.75,0
2020-12-02,2213.2,2227.64,2167.67,2179.89,889385.29,0
2020-12-03,2196.54,2205.43,2128.8,2169.89,714452.3,0
2020-12-04,2162.12,2162.12,2106.59,2143.24,891347.84,0
2020-12-07,2144.35,2153.23,2074.39,2099.93,873806.61,0
2020-12-08,2101.04,2113.26,2057.73,2077.72,719647.51,0
2020-12-09,2086.61,2115.48,2074.39,2077.72,677221.15,0
2020-12-10,2079.94,2096.6,2048.85,2071.06,607866.55,0
2020-12-11,2077.72,2087.72,2023.31,2056.62,887793.87,0
2020-12-14,2065.51,2116.59,2054.4,2096.6,835991.74,0
2020-12-15,2087.72,2093.27,2015.53,2081.05,788857.94,0
2020-12-16,2087.72,2121.03,2063.28,2111.04,689070.42,0
2020-12-17,2099.93,2117.7,2065.51,2104.37,686140.69,0
2020-12-18,2109.93,2121.03,2024.42,2038.85,1058756.36,0
2020-12-21,2032.19,2069.95,2002.21,2029.97,906878.11,0
2020-12-22,2038.85,2071.06,1985.55,1987.77,1028737.51,0
2020-12-23,1994.43,2006.65,1975.56,1998.88,750082.73,0
2020-12-24,2015.53,2053.29,2004.43,2027.75,632950.12,0
2020-12-25,2027.75,2027.75,1976.67,2003.32,577077.33,0
2020-12-28,2001.1,2094.38,1994.43,2093.27,1270337.06,0
2020-12-29,2095.49,2143.24,2076.61,2128.8,963092.23,0
2020-12-30,2109.93,2132.14,2078.83,2132.14,978497.78,0
2020-12-31,2133.25,2174.33,2112.15,2147.68,924503.43,0
2021-01-04,2121.03,2121.03,2047.74,2065.51,1554216.43,0
2021-01-05,2043.3,2052.18,1976.67,2017.75,1821352.1,0
2021-01-06,2007.76,2172.11,1998.88,2172.11,1934945.12,0
2021-01-07,2167.68,2218.76,2135.47,2209.88,1584185.3,0
2021-01-08,2209.88,2232.08,2144.36,2204.32,1195473.22,0
2021-01-11,2220.98,2292.05,2220.98,2263.18,1790457.14,0
2021-01-12,2264.29,2332.03,2240.97,2332.03,1288165.5,0
2021-01-13,2332.03,2333.14,2265.4,2298.71,1049119.73,0
2021-01-14,2296.49,2319.81,2215.43,2239.86,1130155.62,0
2021-01-15,2332.03,2437.53,2312.04,2332.03,2480688.98,0
2021-01-18,2354.24,2529.7,2354.24,2520.81,2157301.78,0
2021-01-19,2499.71,2536.36,2448.63,2480.83,1242088.34,0
2021-01-20,2459.74,2550.8,2456.4,2495.27,1280793.16,0
2021-01-21,2498.6,2531.92,2459.74,2468.62,944778.6,0
2021-01-22,2468.62,2468.62,2388.66,2446.41,924434.42,0
2021-01-25,2411.98,2509.71,2379.78,2497.49,1028365.27,0
2021-01-26,2476.39,2589.66,2476.39,2484.17,1126720.55,0
2021-01-27,2477.5,2606.32,2477.5,2563.01,1294152.72,0
2021-01-28,2529.7,2574.12,2493.05,2533.03,857476.96,0
2021-01-29,2533.03,2614.09,2521.92,2564.12,1240258.41,0
2021-02-01,2554.13,2775.11,2520.81,2726.25,1475239.3,0
2021-02-02,2596.33,2676.28,2544.13,2585.22,2416168.77,0
2021-02-03,2607.43,2796.21,2596.33,2770.67,1923271.59,0
2021-02-04,2685.16,2802.88,2669.62,2731.81,1255247.5,0
2021-02-05,2731.81,2810.65,2695.16,2768.45,1015575.59,0
2021-02-08,2765.12,2765.12,2676.28,2754.02,1084264.67,0
2021-02-09,2752.9,2758.46,2684.05,2729.58,942093.55,0
2021-02-10,2731.81,2771.78,2596.33,2645.19,1918867.1,0
2021-02-18,2665.18,2726.25,2607.43,2698.49,1505230.81,0
2021-02-19,2660.73,2686.28,2617.42,2648.52,922583.14,0
2021-02-22,2642.97,2642.97,2471.95,2485.28,1956842.48,0
2021-02-23,2485.28,2518.59,2423.09,2435.3,1870460.13,0
2021-02-24,2473.06,2474.17,2394.22,2460.85,1428499.85,0
2021-02-25,2487.5,2505.27,2407.54,2453.07,1593403.47,0
2021-02-26,2398.66,2438.64,2355.35,2374.23,1124977.3,0
2021-03-01,2392.0,2407.54,2352.02,2382.0,1125386.53,0
2021-03-02,2400.88,2459.74,2360.9,2404.21,1473425.05,0
2021-03-03,2396.44,2563.01,2383.11,2555.24,1919635.27,0
2021-03-04,2528.59,2608.54,2515.26,2545.24,1213579.37,0
2021-03-05,2520.81,2551.91,2427.53,2480.83,880171.41,0
2021-03-08,2491.94,2519.7,2385.33,2398.66,993773.97,0
2021-03-09,2407.54,2434.19,2285.39,2315.37,1361895.33,0
2021-03-10,2314.26,2322.03,2252.07,2265.4,1149416.57,0
2021-03-11,2285.39,2374.23,2283.17,2362.01,1048659.39,0
2021-03-12,2373.12,2409.76,2354.24,2385.33,697200.6,0
2021-03-15,2376.45,2456.4,2344.24,2398.66,958748.7,0
2021-03-16,2398.66,2455.29,2362.01,2405.32,939684.32,0
2021-03-17,2382.0,2393.11,2320.92,2354.24,821488.65,0
2021-03-18,2365.34,2413.09,2332.03,2413.09,691610.19,0
2021-03-19,2390.88,2404.21,2262.07,2273.17,1525622.27,0
2021-03-22,2282.06,2393.11,2279.84,2393.11,1451190.08,0
2021-03-23,2395.33,2404.21,2327.59,2357.57,682903.38,0
2021-03-24,2355.35,2363.12,2270.95,2279.84,850085.07,0
2021-03-25,2285.39,2313.15,2265.4,2304.27,492665.74,0
2021-03-26,2314.26,2376.45,2305.38,2347.58,822108.06,0
2021-03-29,2363.12,2404.21,2354.24,2386.44,785666.68,0
2021-03-30,2374.23,2435.3,2355.35,2435.3,738654.81,0
2021-03-31,2417.54,2450.85,2398.66,2444.19,777028.07,0
2021-04-01,2451.96,2455.29,2387.55,2418.65,544448.98,0
2021-04-02,2409.76,2413.09,2372.01,2387.55,581083.52,0
2021-04-06,2393.11,2453.07,2388.66,2407.54,401102.82,0
2021-04-07,2429.75,2435.3,2366.45,2403.1,517604.59,0
2021-04-08,2383.11,2413.09,2368.68,2394.22,383029.5,0
2021-04-09,2410.87,2411.98,2340.91,2365.34,398960.28,0
2021-04-12,2388.66,2388.66,2290.94,2298.71,594743.14,0
2021-04-13,2300.94,2318.7,2286.5,2307.6,499904.18,0
2021-04-14,2308.71,2325.37,2267.62,2295.38,537438.49,0
2021-04-15,2305.38,2306.49,2229.86,2260.96,735865.05,0
2021-04-16,2260.96,2268.73,2199.88,2249.85,729998.26,0
2021-04-19,2224.31,2358.68,2210.99,2348.69,1112282.62,0
2021-04-20,2340.91,2437.53,2323.15,2408.65,834772.72,0
2021-04-21,2476.39,2575.23,2475.28,2555.24,1597099.65,0
2021-04-22,2575.23,2579.67,2529.7,2551.91,829693.88,0
2021-04-23,2589.66,2626.31,2561.9,2586.33,823230.15,0
2021-04-26,2650.74,2690.72,2543.02,2547.46,872417.67,0
2021-04-27,2548.57,2575.23,2538.58,2547.46,470431.4,0
2021-04-28,2586.33,2604.1,2529.7,2592.99,593837.93,0
2021-04-29,2591.88,2632.97,2566.34,2619.65,614836.88,0
2021-04-30,2592.99,2608.54,2555.24,2586.33,561981.32,0
2021-05-06,2565.23,2631.86,2565.23,2609.65,500295.22,0
2021-05-07,2628.53,2698.49,2597.44,2670.73,802214.21,0
2021-05-10,2665.18,2669.62,2556.35,2649.63,661438.9,0
2021-05-11,2622.98,2637.41,2560.79,2612.98,497223.45,0
2021-05-12,2586.33,2625.2,2540.8,2615.2,533265.26,0
2021-05-13,2611.87,2619.65,2536.36,2561.9,549652.5,0
2021-05-14,2589.88,2622.33,2529.44,2610.02,563785.36,0
2021-05-17,2590.99,2665.98,2568.61,2641.36,527564.65,0
2021-05-18,2669.34,2698.44,2618.97,2674.94,395414.98,0
2021-05-19,2665.98,2700.68,2632.41,2641.36,429420.33,0
2021-05-20,2620.09,2668.22,2604.42,2665.98,405788.37,0
2021-05-21,2672.7,2696.2,2577.56,2629.05,539335.74,0
2021-05-24,2627.93,2641.36,2595.47,2627.93,343935.63,0
2021-05-25,2634.64,2767.83,2624.57,2753.28,972374.62,0
2021-05-26,2757.76,2811.48,2742.09,2799.17,919263.78,0
2021-05-27,2787.98,2815.96,2744.33,2774.55,504091.36,0
2021-05-28,2762.23,2765.59,2704.04,2742.09,492400.73,0
2021-05-31,2723.06,2745.45,2676.06,2708.51,515350.81,0
2021-06-01,2708.51,2714.11,2630.17,2677.17,625017.96,0
2021-06-02,2673.82,2677.17,2616.74,2673.82,497527.02,0
2021-06-03,2654.79,2701.8,2650.31,2660.39,400900.85,0
2021-06-04,2685.01,2793.57,2663.74,2746.57,756739.42,0
2021-06-07,2739.85,2739.85,2678.29,2719.7,447914.1,0
2021-06-08,2702.92,2749.92,2680.53,2745.45,570077.92,0
2021-06-09,2734.25,2784.62,2706.27,2758.88,453831.5,0
2021-06-10,2760.0,2804.77,2702.92,2708.51,530215.16,0
2021-06-11,2720.82,2725.3,2587.64,2615.62,834665.04,0
2021-06-15,2613.38,2622.33,2551.82,2598.83,660622.59,0
2021-06-16,2598.83,2618.97,2575.33,2603.31,378208.04,0
2021-06-17,2576.44,2651.43,2576.44,2585.4,453282.09,0
2021-06-18,2588.76,2605.54,2505.93,2535.03,694099.3,0
2021-06-21,2529.44,2537.27,2463.4,2480.19,718272.74,0
2021-06-22,2504.81,2584.28,2490.26,2570.85,757751.41,0
2021-06-23,2557.42,2620.09,2542.87,2589.88,447907.78,0
2021-06-24,2577.56,2587.64,2538.39,2583.16,390283.49,0
2021-06-25,2583.16,2641.36,2580.92,2614.5,559972.95,0
2021-06-28,2614.5,2617.86,2516.01,2549.58,626257.37,0
2021-06-29,2527.2,2550.7,2462.28,2500.34,1049749.39,0
2021-06-30,2502.58,2566.37,2501.46,2531.68,403435.46,0
2021-07-01,2552.94,2630.17,2520.48,2596.59,664833.3,0
2021-07-02,2542.87,2545.11,2435.42,2441.02,1070677.56,0
2021-07-05,2427.59,2479.07,2360.43,2469.0,859341.29,0
2021-07-06,2471.24,2574.21,2445.5,2549.58,791957.26,0
2021-07-07,2538.39,2579.8,2518.24,2523.84,468944.87,0
2021-07-08,2549.58,2549.58,2372.75,2407.44,1457059.47,0
2021-07-09,2383.94,2420.87,2352.6,2380.58,762364.74,0
2021-07-12,2406.32,2406.32,2338.05,2368.27,877901.02,0
2021-07-13,2367.15,2388.42,2298.88,2363.79,657613.95,0
2021-07-14,2350.36,2350.36,2284.33,2323.5,847950.55,0
2021-07-15,2319.02,2430.95,2308.95,2419.75,956003.05,0
2021-07-16,2396.25,2442.14,2383.94,2388.42,573002.61,0
2021-07-19,2390.65,2398.49,2325.74,2373.87,522135.95,0
2021-07-20,2361.55,2372.75,2291.04,2305.59,804034.33,0
2021-07-21,2303.35,2327.98,2260.82,2288.8,753076.52,0
2021-07-22,2288.8,2312.31,2265.3,2280.97,868648.09,0
2021-07-23,2280.97,2280.97,2238.44,2249.63,727404.33,0
2021-07-26,2233.96,2237.32,2062.72,2104.13,1451303.94,0
2021-07-27,2111.97,2125.4,1969.83,1987.73,1357551.48,0
2021-07-28,1997.81,2022.43,1978.78,1986.62,1062994.21,0
2021-07-29,2004.52,2041.46,1989.97,2010.12,872378.12,0
2021-07-30,2005.64,2020.19,1929.54,1979.9,950155.88,0
2021-08-02,1974.3,2030.27,1922.82,2015.72,1159922.63,0
2021-08-03,2013.48,2031.38,1976.54,2002.28,896948.57,0
2021-08-04,2019.07,2022.43,1969.83,1993.33,729620.08,0
2021-08-05,1981.02,2020.19,1967.59,1978.78,621573.88,0
2021-08-06,1964.23,2003.4,1953.04,1998.93,567454.13,0
2021-08-09,2004.52,2154.5,1996.69,2133.23,1752798.0,0
2021-08-10,2136.59,2236.2,2115.33,2208.22,1301988.44,0
2021-08-11,2237.32,2303.35,2204.86,2217.17,1048308.44,0
2021-08-12,2214.94,2272.02,2197.03,2226.13,666458.0,0
2021-08-13,2213.82,2229.49,2182.48,2226.13,562885.02,0
2021-08-16,2248.51,2260.82,2190.31,2232.84,627050.22,0
2021-08-17,2221.65,2263.06,2194.79,2201.51,476021.94,0
2021-08-18,2201.51,2372.75,2188.08,2307.83,1332732.16,0
2021-08-19,2292.16,2307.83,2240.68,2276.49,649975.61,0
2021-08-20,2235.08,2246.27,2092.94,2173.53,1614627.93,0
2021-08-23,2182.48,2244.04,2138.83,2160.09,1191849.35,0
2021-08-24,2165.69,2235.08,2150.02,2166.81,868953.3,0
2021-08-25,2173.53,2179.12,2120.92,2144.43,698083.97,0
2021-08-26,2148.9,2155.62,2060.48,2066.08,951619.0,0
2021-08-27,2077.27,2113.09,2049.29,2058.25,728820.23,0
2021-08-30,2038.1,2047.05,1964.23,1983.26,1252211.01,0
2021-08-31,1983.26,2006.76,1937.37,1992.21,1174867.86,0
2021-09-01,1956.4,2005.64,1903.79,2001.17,2316894.09,0
2021-09-02,2014.6,2101.9,1992.21,2059.36,2422603.54,0
2021-09-03,2070.56,2070.56,1981.02,2019.07,1394818.71,0
2021-09-06,2006.76,2081.75,1989.97,2064.96,1515225.56,0
2021-09-07,2081.75,2189.19,2053.77,2153.38,1622344.16,0
2021-09-08,2153.38,2188.08,2137.71,2152.26,1026201.05,0
2021-09-09,2138.83,2143.31,2104.13,2126.52,739505.85,0
2021-09-10,2114.21,2324.62,2108.61,2302.24,2314945.28,0
2021-09-13,2278.73,2295.52,2217.17,2261.94,1297228.02,0
2021-09-14,2258.59,2268.66,2156.74,2167.93,1158173.15,0
2021-09-15,2161.21,2349.24,2147.78,2184.72,841618.41,0
2021-09-16,2160.09,2182.48,2096.3,2135.47,1176953.56,0
2021-09-17,2115.33,2126.52,2060.48,2073.91,1124879.63,0
2021-09-22,2000.05,2020.19,1949.68,2012.36,1473365.21,0
2021-09-23,2025.79,2050.41,1975.42,1978.78,1379837.59,0
2021-09-24,1969.83,1978.78,1940.73,1941.85,1265696.28,0
2021-09-27,1926.18,1978.78,1909.39,1966.47,1140667.59,0
2021-09-28,1955.28,2033.62,1953.04,2011.24,1293167.47,0
2021-09-29,1998.93,2063.84,1982.14,2031.38,1230121.75,0
2021-09-30,2024.67,2036.98,1982.14,2006.76,795611.05,0
2021-10-08,2033.62,2114.21,2016.83,2086.23,1159200.62,0
2021-10-11,2126.52,2209.34,2126.52,2171.29,1455338.35,0
2021-10-12,2160.09,2205.98,2148.9,2165.69,1031232.18,0
2021-10-13,2160.09,2228.37,2145.54,2191.43,807896.68,0
2021-10-14,2192.55,2229.49,2114.21,2150.02,842989.87,0
2021-10-15,2126.52,2227.25,2126.52,2200.39,993493.78,0
2021-10-18,2176.88,2188.08,2137.71,2158.98,729622.5,0
2021-10-19,2143.31,2202.62,2143.31,2190.31,682415.15,0
2021-10-20,2210.46,2213.82,2147.78,2153.38,662955.55,0
2021-10-21,2184.72,2245.16,2154.5,2238.44,1621661.01,0
2021-10-22,2256.35,2304.47,2216.06,2242.92,1134963.63,0
2021-10-25,2205.98,2260.82,2182.48,2251.87,730828.23,0
2021-10-26,2245.16,2288.8,2222.77,2244.04,652806.84,0
2021-10-27,2238.44,2257.47,2192.55,2229.49,687600.19,0
2021-10-28,2216.06,2231.72,2167.93,2207.1,619010.89,0
2021-10-29,2197.03,2209.34,2162.33,2182.48,539929.76,0
2021-11-01,2163.45,2208.22,2127.64,2170.17,841490.2,0
2021-11-02,2167.93,2181.36,2013.48,2034.74,1997690.5,0
2021-11-03,2025.79,2041.46,1997.81,2017.95,1114972.04,0
2021-11-04,2023.55,2025.79,1992.21,2000.05,983410.98,0
2021-11-05,1997.81,2014.6,1966.47,1974.3,1096039.88,0
2021-11-08,1972.07,1993.33,1942.97,1949.68,1376814.82,0
2021-11-09,1956.4,1975.42,1931.77,1961.99,1240572.75,0
2021-11-10,1954.16,1955.28,1920.58,1947.44,1220850.88,0
2021-11-11,1941.85,2062.72,1938.49,2053.77,2084729.0,0
2021-11-12,2049.29,2085.11,2026.91,2044.81,957546.46,0
2021-11-15,2053.77,2085.11,2036.98,2062.72,655089.99,0
2021-11-16,2054.89,2075.03,2033.62,2039.22,601110.48,0
2021-11-17,2031.38,2048.17,2012.36,2026.91,664640.38,0
2021-11-18,2024.67,2028.03,1984.38,1992.21,799843.77,0
2021-11-19,1992.21,2041.46,1981.02,2031.38,786371.56,0
2021-11-22,2017.95,2042.58,2003.4,2028.03,738617.8,0
2021-11-23,2026.91,2053.77,1978.78,2001.17,1235977.96,0
2021-11-24,1988.85,2009.0,1976.54,2000.05,741310.84,0
2021-11-25,1985.5,1991.09,1973.18,1978.78,603532.7,0
2021-11-26,1972.07,1977.66,1960.87,1967.59,694499.88,0
2021-11-29,1948.56,1966.47,1942.97,1959.75,512594.71,0
2021-11-30,1963.11,1978.78,1941.85,1951.92,733616.06,0
2021-12-01,1950.8,1988.85,1944.09,1974.3,706925.19,0
2021-12-02,1972.07,1993.33,1944.09,1968.71,994798.35,0
2021-12-03,1974.3,1981.02,1948.56,1975.42,707599.74,0
2021-12-06,1997.81,2077.27,1992.21,2025.79,2145625.28,0
2021-12-07,2048.17,2089.58,2031.38,2066.08,1616443.87,0
2021-12-08,2064.96,2076.15,2032.5,2067.2,980281.18,0
2021-12-09,2069.44,2133.23,2056.01,2092.94,1455886.68,0
2021-12-10,2071.68,2092.94,2044.81,2057.13,989255.13,0
2021-12-13,2067.2,2113.09,2034.74,2044.81,1314490.27,0
2021-12-14,2032.5,2033.62,1960.87,1967.59,1937208.9,0
2021-12-15,1959.75,1976.54,1947.44,1964.23,1294627.41,0
2021-12-16,1964.23,1984.38,1954.16,1983.26,819479.51,0
2021-12-17,1981.02,1986.62,1966.47,1966.47,602369.67,0
2021-12-20,1965.35,1975.42,1953.04,1960.87,746435.2,0
2021-12-21,1957.52,1982.14,1956.4,1968.71,893734.04,0
2021-12-22,1972.07,1974.3,1936.25,1946.32,976927.75,0
2021-12-23,1947.44,1950.8,1926.18,1938.49,1059575.94,0
2021-12-24,1939.61,1941.85,1926.18,1937.37,488251.49,0
2021-12-27,1939.61,1941.85,1920.58,1927.3,731118.99,0
2021-12-28,1927.3,1939.61,1912.75,1921.7,1126638.91,0
2021-12-29,1920.58,1920.58,1869.1,1874.69,1469373.98,0
2021-12-30,1875.81,1897.08,1871.34,1882.53,796663.6,0
2021-12-31,1887.0,1891.48,1835.52,1844.47,1750760.89,0
2022-01-04,1844.47,1864.62,1810.9,1864.62,1169259.33,0
2022-01-05,1855.67,1927.3,1852.31,1919.46,1961998.17,0
2022-01-06,1914.99,1932.89,1902.67,1916.1,1107885.19,0
2022-01-07,1913.87,1934.01,1909.39,1925.06,1126630.7,0
2022-01-10,1935.13,1949.68,1906.03,1923.94,909774.01,0
2022-01-11,1931.77,1963.11,1918.34,1948.56,1581999.4,0
2022-01-12,1948.56,1953.04,1891.48,1902.67,1502163.55,0
2022-01-13,1892.6,1929.54,1882.53,1900.44,909422.65,0
2022-01-14,1902.67,1904.91,1824.33,1827.69,2103094.91,0
2022-01-17,1829.92,1844.47,1804.18,1815.37,1143689.43,0
2022-01-18,1818.73,1851.19,1808.66,1848.95,1152974.31,0
2022-01-19,1851.19,1867.98,1831.04,1846.71,988391.85,0
2022-01-20,1843.36,1954.16,1837.76,1939.61,3031193.77,0
2022-01-21,1953.04,1965.35,1926.18,1941.85,1481682.95,0
2022-01-24,1940.73,1945.2,1900.44,1925.06,874770.87,0
2022-01-25,1911.63,1911.63,1881.41,1885.89,1093283.97,0
2022-01-26,1897.08,1913.87,1851.19,1863.5,984975.22,0
2022-01-27,1846.71,1851.19,1818.73,1824.33,1024643.11,0
2022-01-28,1834.4,1841.12,1770.61,1771.73,1675563.67,0
2022-02-07,1792.99,1836.64,1778.44,1834.4,1515476.3,0
2022-02-08,1824.33,1899.32,1819.85,1883.65,1754695.28,0
2022-02-09,1893.72,1902.67,1870.22,1887.0,1051161.66,0
2022-02-10,1876.93,1906.03,1865.74,1901.55,784557.35,0
2022-02-11,1906.03,1940.73,1906.03,1913.87,1078139.14,0
2022-02-14,1913.87,1919.46,1847.83,1855.67,1150658.51,0
2022-02-15,1846.71,1865.74,1801.94,1822.09,1208264.37,0
2022-02-16,1829.92,1850.07,1814.26,1836.64,782399.59,0
2022-02-17,1834.4,1852.31,1826.57,1837.76,794501.84,0
2022-02-18,1826.57,1876.93,1825.45,1876.93,802499.4,0
2022-02-21,1864.62,1865.74,1826.57,1847.83,800994.55,0
2022-02-22,1825.45,1840.0,1808.66,1816.49,894956.73,0
2022-02-23,1824.33,1825.45,1795.23,1812.02,886742.44,0
2022-02-24,1805.3,1807.54,1768.37,1780.68,1324086.85,0
2022-02-25,1789.63,1799.71,1776.2,1779.56,726397.07,0
2022-02-28,1779.56,1781.8,1748.22,1762.77,723990.45,0
2022-03-01,1767.25,1785.16,1748.22,1781.8,935040.34,0
2022-03-02,1767.25,1776.2,1752.7,1754.94,760760.86,0
2022-03-03,1760.53,1769.49,1749.34,1758.29,578285.05,0
2022-03-04,1748.22,1749.34,1710.17,1715.76,990935.66,0
2022-03-07,1697.86,1697.86,1640.78,1647.49,1113158.99,0
2022-03-08,1636.3,1663.16,1594.89,1601.6,1003032.69,0
2022-03-09,1611.68,1617.27,1479.61,1549.0,1800760.17,0
2022-03-10,1587.05,1650.85,1576.98,1630.7,2249158.16,0
2022-03-11,1611.68,1676.59,1583.7,1667.64,1493646.97,0
2022-03-14,1637.42,1671.0,1617.27,1621.75,1118407.34,0
2022-03-15,1611.68,1611.68,1522.14,1531.09,1781408.87,0
2022-03-16,1551.24,1611.68,1512.07,1601.6,1531779.06,0
2022-03-17,1640.78,1646.37,1593.77,1617.27,1730061.42,0
2022-03-18,1607.2,1662.04,1582.58,1645.25,1528807.13,0
2022-03-21,1622.87,1658.68,1610.56,1632.94,1208868.05,0
2022-03-22,1632.94,1703.45,1622.87,1698.98,1628656.58,0
2022-03-23,1691.14,1700.1,1667.64,1678.83,1050102.38,0
2022-03-24,1669.88,1713.53,1657.56,1701.21,1002359.95,0
2022-03-25,1695.62,1706.81,1658.68,1676.59,742933.35,0
2022-03-28,1656.45,1684.43,1637.42,1662.04,727136.99,0
2022-03-29,1665.4,1673.23,1634.06,1643.01,615643.15,0
2022-03-30,1663.16,1709.05,1651.97,1702.33,1236791.55,0
2022-03-31,1690.02,1742.63,1685.55,1721.36,1163746.74,0
2022-04-01,1720.24,1767.25,1701.21,1762.77,1484878.74,0
2022-04-06,1750.46,1851.19,1749.34,1834.4,2488540.05,0
2022-04-07,1833.28,1864.62,1813.14,1822.09,1659064.55,0
2022-04-08,1819.85,1841.12,1805.3,1835.52,1066779.46,0
2022-04-11,1829.92,1835.52,1768.37,1796.35,1416735.36,0
2022-04-12,1796.35,1819.85,1752.7,1781.8,1039261.42,0
2022-04-13,1778.44,1799.71,1759.41,1768.37,890628.06,0
2022-04-14,1790.75,1818.73,1781.8,1795.23,929614.94,0
2022-04-15,1779.56,1850.07,1775.08,1837.76,1231761.03,0
2022-04-18,1807.54,1813.14,1769.49,1779.56,1086887.56,0
2022-04-19,1779.56,1787.39,1748.22,1769.49,821772.49,0
2022-04-20,1769.49,1796.35,1757.18,1773.96,716555.28,0
2022-04-21,1765.01,1788.51,1757.18,1769.49,709891.16,0
2022-04-22,1750.46,1812.02,1723.6,1797.47,921274.08,0
2022-04-25,1753.82,1780.68,1654.21,1662.04,1664480.98,0
2022-04-26,1665.4,1676.59,1617.27,1648.61,988209.56,0
2022-04-27,1676.59,1751.58,1674.35,1751.58,1490295.03,0
2022-04-28,1742.63,1782.92,1720.24,1751.58,911771.87,0
2022-04-29,1756.06,1761.65,1675.47,1714.65,1645013.08,0
2022-05-05,1701.21,1729.19,1695.62,1714.65,790196.2,0
2022-05-06,1681.07,1701.21,1668.76,1674.35,832431.82,0
2022-05-09,1672.11,1672.11,1618.39,1628.47,818621.35,0
2022-05-10,1622.87,1634.06,1579.22,1632.94,992285.02,0
2022-05-11,1627.35,1660.92,1616.15,1637.42,848573.62,0
2022-05-12,1620.63,1629.58,1603.84,1609.44,685064.23,0
2022-05-13,1622.87,1640.78,1621.75,1635.18,676311.91,0
2022-05-16,1640.78,1648.61,1606.08,1612.8,668227.82,0
2022-05-17,1623.99,1647.49,1602.72,1646.37,931406.39,0
2022-05-18,1662.04,1666.52,1641.9,1650.85,778578.33,0
2022-05-19,1628.47,1645.25,1622.87,1636.3,590921.72,0
2022-05-20,1645.25,1683.31,1641.9,1681.07,948597.78,0
2022-05-23,1686.66,1686.66,1651.97,1659.8,647725.92,0
2022-05-24,1664.28,1664.28,1611.68,1611.68,933557.06,0
2022-05-25,1615.03,1621.75,1600.48,1610.56,603228.26,0
2022-05-26,1612.8,1615.03,1574.74,1588.17,1011317.56,0
2022-05-27,1599.37,1606.08,1579.22,1587.05,723066.74,0
2022-05-30,1596.01,1598.25,1571.38,1575.86,896901.23,0
2022-05-31,1574.74,1587.05,1566.91,1584.82,938868.55,0
2022-06-01,1582.58,1582.58,1566.91,1575.86,845298.98,0
2022-06-02,1569.15,1570.27,1553.48,1561.31,979268.22,0
2022-06-06,1556.84,1585.93,1526.62,1585.93,1710851.75,0
2022-06-07,1569.15,1594.89,1565.79,1584.82,1315112.62,0
2022-06-08,1584.82,1585.93,1568.03,1584.82,1145521.24,0
2022-06-09,1582.58,1618.39,1578.1,1606.08,1632901.34,0
2022-06-10,1596.01,1603.84,1581.46,1602.72,1346012.31,0
2022-06-13,1587.05,1588.17,1553.48,1556.84,1547752.85,0
2022-06-14,1534.45,1581.46,1534.45,1580.34,1151429.39,0
2022-06-15,1578.1,1691.14,1573.62,1649.73,3413543.71,0
2022-06-16,1649.73,1659.8,1613.92,1616.15,1332546.31,0
2022-06-17,1602.72,1626.23,1589.29,1617.27,1053787.94,0
2022-06-20,1616.15,1616.15,1596.01,1604.96,1032166.8,0
2022-06-21,1604.96,1637.42,1592.65,1608.32,1321793.98,0
2022-06-22,1607.2,1607.2,1575.86,1575.86,1056045.92,0
2022-06-23,1576.98,1592.65,1573.62,1589.29,806028.03,0
2022-06-24,1589.29,1594.89,1579.22,1592.65,866040.61,0
2022-06-27,1593.77,1629.58,1591.53,1621.75,1497278.18,0
2022-06-28,1619.51,1641.9,1612.8,1637.42,1125110.48,0
2022-06-29,1639.66,1667.64,1628.47,1638.54,1266547.28,0
2022-06-30,1637.42,1681.07,1628.47,1676.59,1548745.01,0
2022-07-01,1678.83,1686.66,1660.92,1669.88,779243.32,0
2022-07-04,1673.23,1676.59,1650.85,1672.11,834968.07,0
2022-07-05,1677.71,1709.05,1658.68,1668.76,1115172.1,0
2022-07-06,1659.8,1671.0,1618.39,1626.23,1043335.23,0
2022-07-07,1627.35,1639.66,1609.44,1613.92,730160.98,0
2022-07-08,1622.87,1639.66,1608.32,1627.35,639698.23,0
2022-07-11,1622.87,1630.7,1607.2,1618.39,611691.94,0
2022-07-12,1612.8,1648.61,1609.44,1613.92,742882.42,0
2022-07-13,1613.92,1619.51,1554.6,1563.55,2175996.06,0
2022-07-14,1533.33,1534.45,1487.44,1496.4,2632120.87,0
2022-07-15,1508.71,1517.66,1479.61,1481.85,1598637.4,0
2022-07-18,1482.97,1504.23,1478.49,1498.64,1153505.81,0
2022-07-19,1493.04,1503.11,1486.32,1501.99,755597.1,0
2022-07-20,1503.11,1507.59,1494.16,1498.64,801458.66,0
2022-07-21,1490.8,1493.04,1453.87,1456.11,1970387.89,0
2022-07-22,1462.94,1473.2,1437.87,1459.52,1376509.74,0
2022-07-25,1458.38,1464.08,1443.57,1460.66,763955.81,0
2022-07-26,1452.69,1470.92,1448.13,1470.92,1024048.81,0
2022-07-27,1464.08,1467.5,1450.41,1457.24,923914.08,0
2022-07-28,1459.52,1470.92,1456.1,1467.5,750346.52,0
2022-07-29,1467.5,1469.78,1441.29,1444.71,831497.47,0
2022-08-01,1442.43,1442.43,1412.81,1415.09,1025732.71,0
2022-08-02,1392.3,1405.97,1360.4,1396.86,1373009.3,0
2022-08-03,1388.88,1398.0,1368.37,1370.65,746136.53,0
2022-08-04,1378.63,1386.6,1369.51,1385.46,602675.62,0
2022-08-05,1382.05,1404.83,1364.96,1402.55,765297.87,0
2022-08-08,1395.72,1408.25,1385.46,1390.02,551999.69,0
2022-08-09,1391.16,1392.3,1376.35,1380.91,558447.57,0
2022-08-10,1380.91,1394.58,1369.51,1374.07,683023.21,0
2022-08-11,1376.35,1411.67,1371.79,1407.11,1399303.61,0
2022-08-12,1396.86,1413.95,1390.02,1410.53,820503.56,0
2022-08-15,1400.28,1408.25,1377.49,1379.77,1172010.0,0
2022-08-16,1379.77,1390.02,1378.63,1382.05,631223.7,0
2022-08-17,1384.32,1415.09,1375.21,1412.81,1348506.58,0
2022-08-18,1421.92,1428.76,1385.46,1395.72,1269700.94,0
2022-08-19,1398.0,1452.69,1393.44,1432.18,2106417.24,0
2022-08-22,1433.32,1444.71,1413.95,1424.2,1138076.58,0
2022-08-23,1418.51,1423.06,1399.14,1405.97,921463.07,0
2022-08-24,1404.83,1428.76,1404.83,1412.81,1295375.33,0
2022-08-25,1412.81,1442.43,1401.42,1437.87,1064010.61,0
2022-08-26,1444.71,1452.69,1419.65,1436.74,927634.26,0
2022-08-29,1424.2,1431.04,1402.55,1415.09,924490.65,0
2022-08-30,1416.23,1428.76,1399.14,1421.92,799712.38,0
2022-08-31,1410.53,1456.1,1408.25,1452.69,1653041.58,0
2022-09-01,1441.29,1457.24,1433.32,1436.74,861981.95,0
2022-09-02,1437.87,1445.85,1416.23,1425.34,786362.81,0
2022-09-05,1419.65,1435.6,1409.39,1432.18,632039.98,0
2022-09-06,1433.32,1442.43,1416.23,1424.2,731294.99,0
2022-09-07,1415.09,1415.09,1399.14,1404.83,979812.81,0
2022-09-08,1403.69,1417.37,1401.42,1408.25,621116.92,0
2022-09-09,1412.81,1451.55,1408.25,1449.27,1951297.31,0
2022-09-13,1467.5,1483.45,1442.43,1475.47,1722689.89,0
2022-09-14,1452.69,1466.36,1446.99,1450.41,858035.84,0
2022-09-15,1458.38,1492.56,1454.97,1481.17,1841017.88,0
2022-09-16,1472.06,1475.47,1431.04,1431.04,1357447.81,0
2022-09-19,1428.76,1443.57,1421.92,1432.18,632121.04,0
2022-09-20,1436.74,1439.01,1403.69,1405.97,889988.53,0
2022-09-21,1402.55,1421.92,1390.02,1416.23,684197.39,0
2022-09-22,1404.83,1408.25,1395.72,1400.28,586133.38,0
2022-09-23,1394.58,1416.23,1393.44,1400.28,586441.06,0
2022-09-26,1385.46,1399.14,1366.1,1367.23,903729.04,0
2022-09-27,1367.23,1385.46,1345.59,1384.32,789622.29,0
2022-09-28,1377.49,1395.72,1358.12,1379.77,780925.58,0
2022-09-29,1395.72,1399.14,1346.73,1351.28,917718.04,0
2022-09-30,1352.42,1362.68,1347.87,1349.0,537230.19,0
2022-10-10,1333.05,1341.03,1305.71,1306.85,966080.18,0
2022-10-11,1314.82,1319.38,1300.01,1307.99,415253.37,0
2022-10-12,1304.57,1323.94,1293.18,1321.66,559572.43,0
2022-10-13,1311.41,1314.82,1288.62,1292.04,852615.97,0
2022-10-14,1304.57,1325.08,1298.87,1313.68,1096061.58,0
2022-10-17,1301.15,1312.55,1292.04,1307.99,1024822.71,0
2022-10-18,1315.96,1326.22,1305.71,1307.99,946837.09,0
2022-10-19,1301.15,1309.13,1285.2,1286.34,923989.68,0
2022-10-20,1279.5,1288.62,1271.53,1276.09,781923.23,0
2022-10-21,1277.22,1281.78,1261.27,1263.55,785574.29,0
2022-10-24,1263.55,1264.69,1208.86,1210.0,1383390.65,0
2022-10-25,1219.12,1231.65,1207.72,1213.42,1316979.4,0
2022-10-26,1212.28,1222.54,1208.86,1214.56,1143829.88,0
2022-10-27,1219.12,1227.09,1214.56,1216.84,957383.46,0
2022-10-28,1211.14,1219.12,1186.08,1187.22,1057947.01,0
2022-10-31,1176.96,1190.63,1164.43,1178.1,983095.69,0
2022-11-01,1182.66,1216.84,1180.38,1215.7,1381234.13,0
2022-11-02,1208.86,1216.84,1194.05,1211.14,1302988.18,0
2022-11-03,1200.89,1204.31,1182.66,1189.49,983535.61,0
2022-11-04,1184.94,1236.21,1183.8,1232.79,1776112.23,0
2022-11-07,1231.65,1243.04,1222.54,1239.63,988082.04,0
2022-11-08,1240.77,1244.18,1228.23,1236.21,583222.05,0
2022-11-09,1235.07,1262.41,1232.79,1240.77,832106.85,0
2022-11-10,1229.37,1241.9,1217.98,1238.49,552021.19,0
2022-11-11,1268.11,1328.5,1254.44,1302.29,2545070.55,0
2022-11-14,1333.05,1399.14,1333.05,1361.54,3872084.1,0
2022-11-15,1351.28,1387.74,1347.87,1368.37,1573901.34,0
2022-11-16,1363.82,1372.93,1343.31,1346.73,1278692.88,0
2022-11-17,1345.59,1349.0,1319.38,1331.91,1091047.16,0
2022-11-18,1337.61,1342.17,1318.24,1320.52,868093.29,0
2022-11-21,1307.99,1310.27,1278.36,1305.71,1047737.07,0
2022-11-22,1305.71,1359.26,1303.43,1346.73,1491323.88,0
2022-11-23,1342.17,1372.93,1335.33,1346.73,1247656.53,0
2022-11-24,1358.12,1366.1,1331.91,1341.03,796718.82,0
2022-11-25,1343.31,1393.44,1341.03,1386.6,1760728.17,0
2022-11-28,1355.84,1358.12,1331.91,1345.59,1331562.95,0
2022-11-29,1385.46,1480.03,1382.05,1480.03,4749276.5,0
2022-11-30,1469.78,1519.91,1460.66,1484.59,3209628.3,0
2022-12-01,1524.47,1556.37,1489.15,1492.56,2002688.83,0
2022-12-02,1497.12,1498.26,1445.85,1469.78,1404202.78,0
2022-12-05,1491.42,1546.11,1482.31,1541.56,2287627.42,0
2022-12-06,1519.91,1556.37,1509.65,1530.16,1252578.91,0
2022-12-07,1518.77,1523.33,1484.59,1498.26,1377376.9,0
2022-12-08,1498.26,1540.42,1494.84,1522.19,1065722.8,0
2022-12-09,1526.75,1566.62,1521.05,1560.93,1615831.92,0
2022-12-12,1547.25,1547.25,1488.01,1493.7,1392584.28,0
2022-12-13,1498.26,1522.19,1497.12,1508.52,902285.13,0
2022-12-14,1507.38,1526.75,1490.29,1507.38,974061.1,0
2022-12-15,1497.12,1513.07,1474.33,1492.56,835349.26,0
2022-12-16,1483.45,1526.75,1483.45,1519.91,924251.67,0
2022-12-19,1518.77,1534.72,1475.47,1485.73,1030866.06,0
2022-12-20,1477.75,1490.29,1443.57,1453.83,896212.23,0
2022-12-21,1464.08,1480.03,1451.55,1468.64,614589.64,0
2022-12-22,1481.17,1498.26,1469.78,1475.47,672394.3,0
2022-12-23,1464.08,1488.01,1458.38,1478.89,564426.41,0
2022-12-26,1480.03,1485.73,1448.13,1454.97,797119.87,0
2022-12-27,1466.36,1506.24,1466.36,1493.7,886004.12,0
2022-12-28,1499.4,1524.47,1481.17,1497.12,791191.98,0
2022-12-29,1489.15,1495.98,1464.08,1484.59,666890.09,0
2022-12-30,1485.73,1513.07,1476.61,1499.4,818035.98,0
2023-01-03,1503.96,1578.02,1486.87,1568.9,2194127.94,0
2023-01-04,1562.07,1642.96,1552.95,1631.57,2189682.53,0
2023-01-05,1640.68,1679.42,1637.26,1649.8,1665425.18,0
2023-01-06,1652.07,1677.14,1649.8,1665.75,1195744.71,0
2023-01-09,1680.56,1695.37,1654.35,1686.26,1057659.11,0
2023-01-10,1681.7,1696.51,1639.54,1645.24,1269423.39,0
2023-01-11,1646.38,1683.98,1639.54,1671.44,830566.12,0
2023-01-12,1682.84,1682.84,1655.49,1671.44,625694.84,0
2023-01-13,1671.44,1703.35,1657.77,1703.35,949085.83,0
2023-01-16,1703.35,1740.95,1691.95,1718.16,1560039.89,0
2023-01-17,1723.85,1729.55,1682.84,1705.62,935834.54,0
2023-01-18,1703.35,1729.55,1698.79,1721.58,718434.03,0
2023-01-19,1723.85,1737.53,1694.23,1719.3,641875.2,0
2023-01-20,1727.27,1736.39,1709.04,1723.85,608590.08,0
2023-01-30,1777.4,1793.36,1696.51,1726.13,1374317.5,0
2023-01-31,1736.39,1767.15,1704.49,1707.9,1030497.84,0
2023-02-01,1712.46,1718.16,1653.21,1674.86,1653421.48,0
2023-02-02,1679.42,1683.98,1625.87,1663.47,1577900.39,0
2023-02-03,1646.38,1657.77,1613.34,1631.57,1246382.98,0
2023-02-06,1606.5,1609.92,1579.16,1595.11,1317610.1,0
2023-02-07,1601.94,1631.57,1598.52,1619.03,869460.46,0
2023-02-08,1622.45,1631.57,1598.52,1599.66,657892.57,0
2023-02-09,1596.25,1629.29,1590.55,1609.92,830350.02,0
2023-02-10,1606.5,1608.78,1579.16,1592.83,847283.66,0
2023-02-13,1588.27,1588.27,1549.53,1574.6,1800054.16,0
2023-02-14,1578.02,1592.83,1572.32,1590.55,909937.09,0
2023-02-15,1589.41,1590.55,1551.81,1557.51,1250243.98,0
2023-02-16,1558.65,1584.85,1538.14,1549.53,1279123.29,0
2023-02-17,1552.95,1563.2,1530.16,1530.16,918363.69,0
2023-02-20,1538.14,1612.2,1537.0,1612.2,2116191.17,0
2023-02-21,1601.94,1617.89,1585.99,1606.5,990494.99,0
2023-02-22,1595.11,1608.78,1588.27,1597.39,638922.39,0
2023-02-23,1595.11,1631.57,1592.83,1600.8,824490.68,0
2023-02-24,1597.39,1598.52,1572.32,1579.16,729989.04,0
2023-02-27,1566.62,1581.43,1558.65,1559.79,621461.93,0
2023-02-28,1566.62,1578.02,1550.67,1570.04,607935.92,0
2023-03-01,1572.32,1616.75,1565.48,1614.48,1223451.78,0
2023-03-02,1609.92,1645.24,1601.94,1622.45,1015876.84,0
2023-03-03,1634.98,1637.26,1611.06,1628.15,690954.39,0
2023-03-06,1629.29,1629.29,1563.2,1578.02,1455824.14,0
2023-03-07,1578.02,1606.5,1555.23,1559.79,1279266.29,0
2023-03-08,1552.95,1554.09,1526.75,1541.56,1096897.91,0
2023-03-09,1542.7,1547.25,1495.98,1503.96,1736064.76,0
2023-03-10,1481.17,1511.93,1481.17,1497.12,856996.1,0
2023-03-13,1494.84,1514.21,1481.17,1486.87,1000634.96,0
2023-03-14,1480.03,1481.17,1450.41,1466.36,1149075.58,0
2023-03-15,1486.87,1501.68,1474.33,1486.87,979363.72,0
2023-03-16,1468.64,1484.59,1458.38,1460.66,916792.49,0
2023-03-17,1480.03,1485.73,1441.29,1452.69,1556814.14,0
2023-03-20,1453.83,1464.08,1429.9,1432.18,1188816.33,0
2023-03-21,1441.29,1456.1,1424.2,1446.99,840743.17,0
2023-03-22,1452.69,1467.5,1448.13,1457.24,876690.77,0
2023-03-23,1446.99,1469.78,1439.01,1469.78,804306.04,0
2023-03-24,1464.08,1465.22,1453.83,1460.66,621518.75,0
2023-03-27,1458.38,1459.52,1419.65,1435.6,1008422.14,0
2023-03-28,1442.43,1450.41,1429.9,1440.15,673868.43,0
2023-03-29,1450.41,1451.55,1424.2,1427.62,596064.33,0
2023-03-30,1429.9,1448.13,1413.95,1444.71,824546.24,0
2023-03-31,1445.85,1454.97,1425.34,1427.62,865491.66,0
2023-04-03,1429.9,1445.85,1419.65,1443.57,740428.86,0
2023-04-04,1440.15,1449.27,1434.46,1441.29,647457.22,0
2023-04-06,1435.6,1436.74,1424.2,1433.32,563321.3,0
2023-04-07,1432.18,1445.85,1424.2,1437.87,607925.26,0
2023-04-10,1440.15,1446.99,1433.32,1444.71,640181.81,0
2023-04-11,1446.99,1449.27,1426.48,1428.76,777779.62,0
2023-04-12,1433.32,1434.46,1418.51,1421.92,909957.06,0
2023-04-13,1413.95,1443.57,1401.42,1431.04,1131591.46,0
2023-04-14,1435.6,1469.78,1433.32,1445.85,1297994.84,0
2023-04-17,1442.43,1474.33,1435.6,1473.2,1304212.59,0
2023-04-18,1473.2,1503.96,1468.64,1481.17,1538936.15,0
2023-04-19,1483.45,1489.15,1461.8,1464.08,1014378.15,0
2023-04-20,1469.78,1469.78,1437.87,1452.69,811788.41,0
2023-04-21,1446.99,1461.8,1421.92,1424.2,918668.39,0
2023-04-24,1421.92,1424.2,1370.65,1378.63,1467671.92,0
2023-04-25,1383.19,1409.39,1380.91,1399.14,1301900.82,0
2023-04-26,1395.72,1395.72,1366.1,1380.91,991260.4,0
2023-04-27,1374.07,1407.11,1367.23,1396.86,1004093.37,0
2023-04-28,1396.86,1456.1,1392.3,1429.9,1445254.34,0
2023-05-04,1412.81,1461.8,1388.88,1450.41,1478264.38,0
2023-05-05,1456.1,1493.7,1452.69,1470.92,1762188.65,0
2023-05-08,1474.33,1537.0,1462.94,1517.63,2630718.61,0
2023-05-09,1526.75,1549.53,1495.98,1499.4,2422534.45,0
2023-05-10,1500.54,1510.79,1458.38,1462.94,1237053.39,0
2023-05-11,1475.47,1494.84,1458.38,1464.08,903758.44,0
2023-05-12,1460.66,1466.36,1436.74,1437.87,885603.68,0
2023-05-15,1444.71,1464.08,1418.51,1461.8,928325.63,0
2023-05-16,1458.38,1472.06,1432.18,1437.87,998301.69,0
2023-05-17,1433.32,1440.15,1417.37,1423.06,754621.2,0
2023-05-18,1432.18,1440.15,1416.23,1423.06,687186.87,0
2023-05-19,1416.23,1417.37,1403.69,1405.97,688413.68,0
2023-05-22,1402.55,1418.51,1402.55,1410.53,549327.85,0
2023-05-23,1410.53,1413.95,1391.16,1391.16,694364.36,0
2023-05-24,1390.02,1391.16,1368.37,1368.37,824250.88,0
2023-05-25,1366.1,1367.23,1345.59,1359.26,882744.3,0
2023-05-26,1359.26,1382.05,1349.0,1378.63,511428.64,0
2023-05-29,1379.77,1382.05,1361.54,1364.96,566073.82,0
2023-05-30,1364.96,1366.1,1344.45,1352.42,763996.92,0
2023-05-31,1346.73,1349.0,1319.38,1321.66,1179586.71,0
2023-06-01,1321.66,1330.77,1310.26,1320.52,743022.93,0
2023-06-02,1330.77,1363.81,1326.22,1359.26,1221842.53,0
2023-06-05,1353.56,1367.23,1346.72,1356.98,521846.19,0
2023-06-06,1356.98,1377.49,1346.72,1349.0,833273.47,0
2023-06-07,1354.7,1375.21,1353.56,1360.4,643697.84,0
2023-06-08,1362.67,1390.02,1351.28,1380.9,869397.12,0
2023-06-09,1374.07,1377.49,1350.14,1353.56,1315284.76,0
2023-06-12,1346.72,1355.84,1339.89,1343.31,758747.03,0
2023-06-13,1339.89,1349.0,1331.91,1341.03,849988.05,0
2023-06-14,1348.04,1369.04,1337.53,1338.7,1069200.04,0
2023-06-15,1341.03,1357.37,1329.36,1355.04,925300.56,0
2023-06-16,1355.04,1362.04,1350.37,1357.37,842033.65,0
2023-06-19,1357.37,1357.37,1331.7,1336.36,953997.07,0
2023-06-20,1335.2,1337.53,1324.69,1325.86,544550.79,0
2023-06-21,1325.86,1339.87,1323.53,1324.69,616582.96,0
2023-06-26,1318.86,1318.86,1301.35,1304.85,676577.43,0
2023-06-27,1307.19,1321.19,1303.68,1316.52,461701.78,0
2023-06-28,1316.52,1322.36,1309.52,1318.86,365396.44,0
2023-06-29,1317.69,1317.69,1303.68,1304.85,485906.3,0
2023-06-30,1304.85,1320.02,1301.35,1310.69,519052.58,0
2023-07-03,1311.85,1345.7,1310.69,1341.03,885090.71,0
2023-07-04,1337.53,1341.03,1321.19,1330.53,616300.56,0
2023-07-05,1325.86,1330.53,1318.86,1323.53,423482.4,0
2023-07-06,1318.86,1323.53,1308.35,1311.85,597095.91,0
2023-07-07,1307.19,1315.36,1304.85,1307.19,484440.83,0
2023-07-10,1313.02,1316.52,1303.68,1307.19,495882.28,0
2023-07-11,1309.52,1314.19,1306.02,1308.35,570809.09,0
2023-07-12,1310.69,1325.86,1309.52,1311.85,736083.67,0
2023-07-13,1321.19,1338.7,1315.36,1334.03,1124229.73,0
2023-07-14,1334.03,1348.04,1330.53,1337.53,719146.99,0
2023-07-17,1331.7,1331.7,1314.19,1320.02,608342.58,0
2023-07-18,1317.69,1321.19,1309.52,1313.02,471966.18,0
2023-07-19,1310.69,1321.19,1310.69,1320.02,382195.96,0
2023-07-20,1322.36,1335.2,1317.69,1321.19,554069.57,0
2023-07-21,1320.02,1329.36,1316.52,1323.53,377102.56,0
2023-07-24,1322.36,1322.36,1311.85,1314.19,426852.18,0
2023-07-25,1336.36,1369.04,1335.2,1367.88,2032958.19,0
2023-07-26,1359.71,1370.21,1349.2,1362.04,751662.68,0
2023-07-27,1363.21,1385.38,1359.71,1371.38,1115195.86,0
2023-07-28,1364.37,1435.57,1362.04,1430.9,2347013.46,0
2023-07-31,1435.57,1458.91,1427.4,1437.9,1854952.39,0
2023-08-01,1430.9,1443.74,1415.73,1419.23,957734.78,0
2023-08-02,1407.56,1428.57,1392.39,1404.06,1115900.04,0
2023-08-03,1399.39,1443.74,1394.72,1439.07,1175847.71,0
2023-08-04,1449.58,1462.41,1425.07,1435.57,1303131.02,0
2023-08-07,1425.07,1429.73,1414.56,1419.23,646913.26,0
2023-08-08,1414.56,1425.07,1400.56,1412.23,725704.56,0
2023-08-09,1407.56,1423.9,1406.39,1420.4,577607.74,0
2023-08-10,1418.06,1425.07,1407.56,1419.23,475594.53,0
2023-08-11,1420.4,1432.07,1387.72,1387.72,943538.57,0
2023-08-14,1372.54,1374.88,1352.7,1362.04,975920.18,0
2023-08-15,1364.37,1377.21,1353.87,1369.04,712812.77,0
2023-08-16,1362.04,1383.05,1355.04,1369.04,572904.37,0
2023-08-17,1362.04,1365.54,1337.53,1350.37,965057.75,0
2023-08-18,1351.54,1370.21,1345.7,1349.2,659818.85,0
2023-08-21,1349.2,1351.54,1321.19,1321.19,701497.85,0
2023-08-22,1328.19,1336.36,1320.02,1327.03,606808.09,0
2023-08-23,1324.69,1332.86,1311.85,1313.02,691809.98,0
2023-08-24,1317.69,1321.19,1289.68,1299.02,1291270.7,0
2023-08-25,1295.51,1322.36,1293.18,1310.69,845349.92,0
2023-08-28,1381.88,1392.39,1341.03,1344.53,1997609.87,0
2023-08-29,1338.7,1341.03,1299.02,1320.02,1964961.43,0
2023-08-30,1315.36,1315.36,1299.02,1299.02,1375638.29,0
2023-08-31,1300.18,1309.52,1297.85,1299.02,806474.03,0
2023-09-01,1306.02,1325.86,1306.02,1321.19,1138704.83,0
2023-09-04,1324.69,1352.7,1322.36,1349.2,1410029.23,0
2023-09-05,1342.2,1343.37,1325.86,1329.36,804177.16,0
2023-09-06,1322.36,1337.53,1318.86,1334.03,634840.51,0
2023-09-07,1330.53,1335.2,1321.19,1322.36,540041.57,0
2023-09-08,1316.52,1321.19,1310.69,1315.36,479029.67,0
2023-09-11,1318.86,1330.53,1315.36,1323.53,654485.58,0
2023-09-12,1324.69,1324.69,1313.02,1316.52,495485.06,0
2023-09-13,1317.69,1321.19,1308.35,1313.02,490217.97,0
2023-09-14,1316.52,1322.36,1313.02,1317.69,551650.17,0
2023-09-15,1324.69,1330.53,1307.19,1309.52,890476.13,0
2023-09-18,1309.52,1311.85,1300.18,1310.69,501325.01,0
2023-09-19,1309.52,1310.69,1302.52,1308.35,503664.32,0
2023-09-20,1307.19,1309.52,1301.35,1301.35,558872.41,0
2023-09-21,1300.18,1300.18,1288.51,1289.68,843930.11,0
2023-09-22,1287.34,1313.02,1287.34,1311.85,911484.3,0
2023-09-25,1311.85,1321.19,1306.02,1309.52,761211.25,0
2023-09-26,1309.52,1314.19,1300.18,1302.52,444980.35,0
2023-09-27,1301.35,1309.52,1301.35,1303.68,490310.61,0
2023-09-28,1306.02,1311.85,1304.85,1307.19,520696.78,0
2023-10-09,1302.52,1303.68,1290.85,1296.68,695828.09,0
2023-10-10,1306.02,1307.19,1286.18,1286.18,820748.51,0
2023-10-11,1294.35,1294.35,1279.17,1281.51,724115.69,0
2023-10-12,1296.68,1302.52,1288.51,1296.68,853057.5,0
2023-10-13,1287.34,1292.01,1278.01,1283.84,684483.08,0
2023-10-16,1283.84,1287.34,1278.01,1285.01,501624.32,0
2023-10-17,1285.01,1289.68,1279.17,1286.18,493525.05,0
2023-10-18,1282.68,1286.18,1273.34,1278.01,651824.92,0
2023-10-19,1273.34,1274.51,1235.99,1237.16,1188960.83,0
2023-10-20,1231.32,1245.33,1226.65,1237.16,526139.12,0
2023-10-23,1235.99,1237.16,1217.32,1225.49,530404.48,0
2023-10-24,1230.16,1238.32,1218.48,1231.32,760652.69,0
2023-10-25,1226.65,1230.16,1209.15,1211.48,1411449.68,0
2023-10-26,1203.31,1216.15,1202.14,1214.98,599991.47,0
2023-10-27,1211.48,1223.15,1205.65,1219.65,919771.36,0
2023-10-30,1213.82,1221.99,1207.98,1219.65,805689.55,0
2023-10-31,1217.32,1224.32,1214.98,1220.82,652855.23,0
2023-11-01,1231.32,1232.49,1219.65,1223.15,567300.35,0
2023-11-02,1225.49,1237.16,1221.99,1223.15,619429.95,0
2023-11-03,1224.32,1227.82,1217.32,1223.15,705463.47,0
2023-11-06,1226.65,1247.66,1226.65,1247.66,1007062.21,0
2023-11-07,1244.16,1244.16,1234.82,1237.16,640866.12,0
2023-11-08,1234.82,1237.16,1219.65,1225.49,877818.75,0
2023-11-09,1220.82,1227.82,1217.32,1224.32,639136.48,0
2023-11-10,1219.65,1221.99,1200.98,1202.14,1045044.17,0
2023-11-13,1203.31,1205.65,1192.81,1196.31,770043.1,0
2023-11-14,1195.14,1205.65,1193.97,1198.64,596858.88,0
2023-11-15,1210.31,1219.65,1206.81,1210.31,1109140.15,0
2023-11-16,1211.48,1212.65,1193.97,1195.14,922621.94,0
2023-11-17,1192.81,1196.31,1181.14,1184.64,903362.17,0
2023-11-20,1184.64,1192.81,1178.8,1189.31,639528.31,0
2023-11-21,1193.97,1207.98,1192.81,1199.81,1041165.73,0
2023-11-22,1197.48,1203.31,1183.47,1185.8,737489.51,0
2023-11-23,1184.64,1185.8,1175.3,1184.64,846655.87,0
2023-11-24,1179.97,1182.3,1176.47,1178.8,684694.56,0
2023-11-27,1177.63,1177.63,1163.63,1168.3,836187.85,0
2023-11-28,1165.96,1169.46,1161.29,1161.29,786174.69,0
2023-11-29,1161.29,1163.63,1132.12,1134.45,1467596.62,0
2023-11-30,1130.95,1135.62,1122.78,1129.78,901764.57,0
2023-12-01,1126.28,1129.78,1118.11,1127.45,778056.99,0
2023-12-04,1128.61,1129.78,1121.61,1123.95,605437.85,0
2023-12-05,1121.61,1122.78,1105.27,1106.44,787378.48,0
2023-12-06,1101.77,1116.94,1097.1,1108.77,753055.92,0
2023-12-07,1107.61,1107.61,1094.77,1101.77,585380.19,0
2023-12-08,1098.27,1102.94,1085.43,1085.43,1021151.5,0
2023-12-11,1076.09,1094.77,1065.59,1091.27,1133662.81,0
2023-12-12,1086.6,1108.77,1085.43,1099.44,855016.42,0
2023-12-13,1094.77,1095.94,1067.92,1069.09,1061301.65,0
2023-12-14,1074.93,1083.1,1067.92,1067.92,742900.56,0
2023-12-15,1073.76,1091.27,1072.59,1074.93,988939.42,0
2023-12-18,1071.43,1078.43,1060.92,1065.59,654425.62,0
2023-12-19,1064.42,1070.26,1058.59,1062.09,644070.88,0
2023-12-20,1063.26,1067.92,1053.92,1053.92,715633.63,0
2023-12-21,1051.58,1072.59,1049.25,1070.26,1017046.76,0
2023-12-22,1072.59,1083.1,1063.26,1073.76,1005645.02,0
2023-12-25,1071.43,1073.76,1066.76,1072.59,413970.88,0
2023-12-26,1072.59,1073.76,1058.59,1062.09,541896.33,0
2023-12-27,1062.09,1065.59,1052.75,1064.42,641534.35,0
2023-12-28,1063.26,1105.27,1059.75,1102.94,1661591.84,0
2023-12-29,1099.44,1106.44,1091.27,1095.94,853852.79,0
2024-01-02,1095.94,1099.44,1074.93,1074.93,1158366.45,0
2024-01-03,1072.59,1076.09,1067.92,1073.76,733610.31,0
2024-01-04,1072.59,1072.59,1059.75,1063.26,864193.99,0
2024-01-05,1062.09,1101.77,1058.59,1081.93,1991622.16,0
2024-01-08,1077.26,1085.43,1063.26,1067.92,1121156.19,0
2024-01-09,1069.09,1072.59,1060.92,1071.43,766193.88,0
2024-01-10,1069.09,1072.59,1060.92,1060.92,858620.91,0
2024-01-11,1059.75,1076.09,1053.92,1070.26,934686.37,0
2024-01-12,1065.59,1081.93,1063.26,1072.59,772582.15,0
2024-01-15,1069.09,1084.26,1065.59,1074.93,745132.66,0
2024-01-16,1072.59,1091.27,1069.09,1090.1,1438312.58,0
2024-01-17,1088.93,1095.94,1077.26,1077.26,1482296.21,0
2024-01-18,1074.93,1078.43,1050.42,1073.76,1755132.47,0
2024-01-19,1069.09,1073.76,1062.09,1070.26,963981.42,0
2024-01-22,1069.09,1080.76,1055.09,1062.09,1580319.66,0
2024-01-23,1056.25,1071.43,1045.75,1069.09,1135544.58,0
2024-01-24,1077.26,1090.1,1058.59,1088.93,1759123.16,0
2024-01-25,1088.93,1113.44,1081.93,1108.77,2162513.95,0
2024-01-26,1105.27,1128.61,1101.77,1122.78,2272287.06,0
2024-01-29,1130.95,1153.12,1118.11,1132.12,2376251.84,0
2024-01-30,1121.61,1132.12,1107.61,1108.77,1579122.14,0
2024-01-31,1104.1,1115.78,1094.77,1104.1,1357217.47,0
2024-02-01,1098.27,1106.44,1090.1,1098.27,1055259.87,0
2024-02-02,1099.44,1105.27,1058.59,1081.93,1634214.31,0
2024-02-05,1072.59,1100.6,1063.26,1094.77,1803591.9,0
2024-02-06,1085.43,1129.78,1084.26,1129.78,1995409.54,0
2024-02-07,1122.78,1128.61,1106.44,1121.61,2062014.97,0
2024-02-08,1118.11,1128.61,1111.11,1128.61,1656813.84,0
2024-02-19,1139.12,1144.95,1126.28,1144.95,1605242.65,0
2024-02-20,1142.62,1148.46,1135.62,1146.12,1123563.98,0
2024-02-21,1141.45,1260.5,1140.29,1260.5,5055284.6,0
2024-02-22,1242.99,1273.34,1239.49,1272.17,4922325.12,0
2024-02-23,1269.84,1311.85,1265.17,1266.34,3567479.5,0
2024-02-26,1258.17,1269.84,1225.49,1228.99,2862608.88,0
2024-02-27,1224.32,1237.16,1220.82,1225.49,1981904.92,0
2024-02-28,1226.65,1248.83,1213.82,1224.32,3082692.65,0
2024-02-29,1216.15,1235.99,1214.98,1235.99,1845344.23,0
2024-03-01,1235.99,1237.16,1217.32,1224.32,1828102.9,0
2024-03-04,1219.65,1225.49,1204.48,1205.65,1655929.54,0
2024-03-05,1202.14,1221.99,1197.48,1217.32,1817319.07,0
2024-03-06,1213.82,1219.65,1205.65,1205.65,1345640.16,0
2024-03-07,1205.65,1241.83,1205.65,1211.48,2016165.89,0
2024-03-08,1207.98,1218.48,1202.14,1211.48,1113974.28,0
2024-03-11,1211.48,1221.99,1206.81,1221.99,1210672.98,0
2024-03-12,1223.15,1235.99,1214.98,1232.49,1641262.37,0
2024-03-13,1228.99,1231.32,1202.14,1205.65,1768039.11,0
2024-03-14,1202.14,1211.48,1190.47,1193.97,1409399.73,0
2024-03-15,1231.32,1254.66,1225.49,1237.16,3750207.89,0
2024-03-18,1232.49,1238.32,1224.32,1230.16,1671396.51,0
2024-03-19,1228.99,1230.16,1212.65,1213.82,1293215.58,0
2024-03-20,1211.48,1221.99,1210.31,1219.65,872663.16,0
2024-03-21,1219.65,1227.82,1216.15,1221.99,864466.25,0
2024-03-22,1219.65,1219.65,1203.31,1209.15,1028141.74,0
2024-03-25,1207.98,1224.32,1204.48,1213.82,953202.21,0
2024-03-26,1219.65,1244.16,1216.15,1237.16,1740021.46,0
2024-03-27,1232.49,1240.66,1226.65,1228.99,1274135.99,0
2024-03-28,1226.65,1233.66,1211.48,1224.32,1302188.92,0
2024-03-29,1219.65,1233.66,1217.32,1227.82,872758.98,0
2024-04-01,1227.82,1242.99,1226.65,1241.83,1191087.96,0
2024-04-02,1240.66,1246.49,1228.99,1231.32,1085458.26,0
2024-04-03,1228.99,1231.32,1216.15,1220.82,981845.85,0
2024-04-08,1216.15,1224.32,1210.31,1217.32,906360.52,0
2024-04-09,1217.32,1221.99,1209.15,1213.82,857156.73,0
2024-04-10,1211.48,1214.98,1198.64,1199.81,1246390.82,0
2024-04-11,1195.14,1200.98,1181.14,1196.31,1010213.4,0
2024-04-12,1192.81,1198.64,1171.8,1174.13,1305453.71,0
2024-04-15,1175.3,1204.48,1174.13,1200.98,1453202.6,0
2024-04-16,1199.81,1212.65,1192.81,1199.81,1478036.43,0
2024-04-17,1197.48,1240.66,1191.64,1239.49,2232640.57,0
2024-04-18,1234.82,1287.34,1232.49,1260.5,3165914.26,0
2024-04-19,1250.0,1262.83,1244.16,1247.66,1457675.02,0
2024-04-22,1241.83,1261.67,1219.65,1225.49,2009818.37,0
2024-04-23,1226.65,1242.99,1220.82,1230.16,1240027.0,0
2024-04-24,1227.82,1233.66,1220.82,1228.99,941567.74,0
2024-04-25,1225.49,1239.49,1223.15,1238.32,1113812.24,0
2024-04-26,1235.99,1245.33,1223.15,1237.16,1607627.51,0
2024-04-29,1232.49,1272.17,1227.82,1261.67,2169177.37,0
2024-04-30,1260.5,1269.84,1252.33,1259.33,1324556.53,0
2024-05-06,1279.17,1296.68,1265.17,1271.0,1784100.57,0
2024-05-07,1268.67,1271.0,1255.83,1269.84,1087056.65,0
2024-05-08,1265.17,1269.84,1250.0,1252.33,1221791.27,0
2024-05-09,1250.0,1262.83,1250.0,1255.83,1069460.63,0
2024-05-10,1257.0,1279.17,1255.83,1276.84,1767835.61,0
2024-05-13,1272.17,1285.01,1261.67,1280.34,1402498.6,0
2024-05-14,1283.84,1290.85,1269.84,1273.34,1075783.91,0
2024-05-15,1272.17,1274.51,1261.67,1264.0,868296.6,0
2024-05-16,1266.34,1308.35,1264.0,1303.68,3076291.65,0
2024-05-17,1304.85,1332.86,1299.02,1332.86,2841748.85,0
2024-05-20,1334.03,1345.7,1320.02,1328.19,2170210.3,0
2024-05-21,1321.19,1356.21,1320.02,1348.04,2030049.41,0
2024-05-22,1349.2,1370.21,1337.53,1349.2,2115531.38,0
2024-05-23,1345.7,1352.7,1327.03,1330.53,1841622.9,0
2024-05-24,1327.03,1341.03,1318.86,1320.02,1398275.84,0
2024-05-27,1320.02,1345.7,1320.02,1343.37,1454361.43,0
2024-05-28,1342.2,1351.54,1325.86,1330.53,1204322.85,0
2024-05-29,1328.19,1336.36,1310.69,1314.19,1444811.11,0
2024-05-30,1311.85,1323.53,1290.85,1297.85,1325496.35,0
2024-05-31,1300.18,1306.02,1296.68,1296.68,826706.76,0
2024-06-03,1297.85,1299.02,1273.34,1281.51,1326696.75,0
2024-06-04,1278.01,1289.68,1273.34,1286.18,981004.95,0
2024-06-05,1288.51,1292.01,1268.67,1268.67,1018967.75,0
2024-06-06,1272.17,1281.51,1269.84,1272.17,1049331.53,0
2024-06-07,1274.51,1285.01,1271.0,1282.68,1170126.04,0
2024-06-11,1281.51,1286.18,1259.33,1268.67,1337628.54,0
2024-06-12,1266.34,1273.34,1258.17,1269.84,957426.35,0
2024-06-13,1271.0,1275.67,1260.5,1260.5,1203507.79,0
2024-06-14,1269.25,1279.26,1249.25,1273.0,1637990.47,0
2024-06-17,1266.75,1270.5,1260.5,1263.0,681217.02,0
2024-06-18,1264.25,1270.5,1255.5,1260.5,700653.08,0
2024-06-19,1263.0,1276.76,1260.5,1269.25,796184.18,0
2024-06-20,1270.5,1271.75,1256.75,1256.75,629627.57,0
2024-06-21,1256.75,1261.75,1244.24,1250.5,830545.28,0
2024-06-24,1246.74,1259.25,1235.49,1248.0,947081.54,0
2024-06-25,1249.24,1266.75,1247.99,1260.5,769992.81,0
2024-06-26,1257.99,1266.75,1252.99,1260.49,628598.71,0
2024-06-27,1257.99,1276.75,1250.49,1266.75,928881.97,0
2024-06-28,1262.99,1283.0,1261.74,1269.25,918089.92,0
2024-07-01,1261.74,1294.26,1255.49,1294.26,1343051.49,0
2024-07-02,1288.0,1310.51,1285.5,1300.51,1384385.7,0
2024-07-03,1300.51,1304.26,1286.75,1289.26,713067.46,0
2024-07-04,1288.0,1298.01,1281.75,1283.0,735044.24,0
2024-07-05,1283.0,1286.75,1240.49,1246.74,1713353.86,0
2024-07-08,1242.99,1252.99,1231.73,1241.74,868659.62,0
2024-07-09,1242.99,1262.99,1239.24,1259.24,1032485.3,0
2024-07-10,1259.24,1275.5,1256.74,1268.0,873865.11,0
2024-07-11,1276.75,1279.25,1259.24,1266.75,721392.25,0
2024-07-12,1265.5,1289.26,1265.5,1289.26,1214163.69,0
2024-07-15,1289.26,1294.26,1283.0,1291.76,869412.47,0
2024-07-16,1291.76,1296.76,1280.5,1288.0,943008.11,0
2024-07-17,1288.0,1303.01,1285.5,1300.51,1220168.35,0
2024-07-18,1298.01,1304.26,1288.0,1301.76,1087061.02,0
2024-07-19,1298.01,1303.01,1286.75,1296.76,898723.24,0
2024-07-22,1295.51,1298.01,1274.25,1279.25,994480.87,0
2024-07-23,1281.75,1291.76,1270.5,1273.0,1020153.63,0
2024-07-24,1273.0,1280.5,1265.5,1266.75,724517.57,0
2024-07-25,1265.5,1269.25,1250.49,1261.74,856404.43,0
2024-07-26,1262.99,1265.5,1246.74,1254.24,929551.95,0
2024-07-29,1252.99,1268.0,1246.74,1264.25,781552.43,0
2024-07-30,1262.99,1266.75,1254.24,1260.49,613267.95,0
2024-07-31,1260.49,1285.5,1259.24,1284.25,1096906.34,0
2024-08-01,1281.75,1290.51,1271.75,1284.25,733883.77,0
2024-08-02,1278.0,1281.75,1266.75,1268.0,590228.76,0
2024-08-05,1264.25,1278.0,1256.74,1256.74,758978.52,0
2024-08-06,1259.24,1265.5,1236.73,1241.74,1265536.91,0
2024-08-07,1244.24,1247.99,1239.24,1241.74,517608.42,0
2024-08-08,1240.49,1247.99,1237.99,1242.99,500410.67,0
2024-08-09,1245.49,1262.99,1242.99,1255.49,730273.96,0
2024-08-12,1252.99,1256.74,1247.99,1251.74,353013.46,0
2024-08-13,1252.99,1254.24,1240.49,1244.24,622077.2,0
2024-08-14,1242.99,1247.99,1239.24,1240.49,436380.38,0
2024-08-15,1240.49,1257.99,1234.23,1254.24,776247.47,0
2024-08-16,1260.49,1276.75,1256.74,1266.75,1260367.61,0
2024-08-19,1266.75,1288.0,1265.5,1286.75,1482985.26,0
2024-08-20,1290.51,1304.26,1285.5,1293.01,1569186.65,0
2024-08-21,1288.0,1298.01,1276.75,1294.26,1034887.81,0
2024-08-22,1293.01,1306.76,1290.51,1298.01,1109030.39,0
2024-08-23,1299.26,1313.01,1290.51,1309.26,1071905.71,0
2024-08-26,1313.01,1319.27,1303.01,1311.76,740675.24,0
2024-08-27,1309.26,1315.52,1296.76,1304.26,723136.58,0
2024-08-28,1301.76,1304.26,1285.5,1291.76,942547.54,0
2024-08-29,1289.26,1298.01,1264.25,1266.75,1197676.31,0
2024-08-30,1264.25,1283.0,1264.25,1270.5,1294059.08,0
2024-09-02,1265.5,1276.75,1261.74,1264.25,968835.5,0
2024-09-03,1264.25,1266.75,1250.49,1260.49,916581.22,0
2024-09-04,1256.74,1269.25,1250.49,1252.99,847992.33,0
2024-09-05,1254.24,1260.49,1247.99,1259.24,594208.76,0
2024-09-06,1257.99,1276.75,1256.74,1260.49,878865.43,0
2024-09-09,1256.74,1259.24,1230.48,1231.73,1639174.51,0
2024-09-10,1232.98,1240.49,1222.98,1237.99,767901.14,0
2024-09-11,1235.48,1235.48,1204.22,1206.72,1108727.04,0
2024-09-12,1206.72,1221.73,1201.72,1217.98,581834.05,0
2024-09-13,1216.73,1227.98,1212.98,1212.98,566461.9,0
2024-09-18,1215.48,1222.98,1207.97,1221.73,443610.99,0
2024-09-19,1224.23,1230.48,1210.47,1226.73,684293.11,0
2024-09-20,1226.73,1237.99,1222.98,1237.99,797297.14,0
2024-09-23,1236.73,1261.74,1234.23,1255.49,896907.55,0
2024-09-24,1264.25,1296.76,1260.49,1296.76,1638213.19,0
2024-09-25,1315.52,1338.02,1306.76,1313.01,2160693.98,0
2024-09-26,1313.01,1394.3,1313.01,1394.3,3086457.2,0
2024-09-27,1419.31,1445.57,1379.29,1428.06,3840016.37,0
2024-09-30,1453.07,1538.1,1445.57,1526.85,5430283.64,0
2024-10-08,1679.41,1679.41,1543.1,1610.63,5888977.78,0
2024-10-09,1579.37,1579.37,1458.07,1460.57,4269345.06,0
2024-10-10,1484.85,1566.63,1482.3,1530.85,3426421.68,0
2024-10-11,1533.41,1555.13,1479.74,1497.63,2070890.57,0
2024-10-14,1530.85,1556.41,1506.57,1535.96,2400595.09,0
2024-10-15,1525.74,1562.8,1518.08,1520.63,2072840.77,0
2024-10-16,1507.85,1556.41,1504.02,1541.08,1914493.53,0
2024-10-17,1542.35,1562.8,1524.46,1527.02,1653708.09,0
2024-10-18,1521.91,1556.41,1492.52,1538.52,2604654.16,0
2024-10-21,1525.74,1525.74,1486.13,1509.13,2806654.67,0
2024-10-22,1502.74,1524.46,1497.63,1506.57,1617787.13,0
2024-10-23,1510.41,1519.35,1501.46,1515.52,1511866.04,0
2024-10-24,1509.13,1515.52,1497.63,1501.46,885299.42,0
2024-10-25,1504.02,1505.3,1493.8,1496.35,1105754.68,0
2024-10-28,1492.52,1492.52,1473.35,1487.41,1169486.98,0
2024-10-29,1484.85,1500.19,1473.35,1474.63,1198024.82,0
2024-10-30,1469.52,1479.74,1440.13,1446.52,1482402.79,0
2024-10-31,1447.79,1461.85,1436.29,1454.18,1250205.39,0
2024-11-01,1454.18,1475.91,1449.07,1460.57,1589811.11,0
2024-11-04,1460.57,1464.41,1438.85,1464.41,1131516.11,0
2024-11-05,1459.29,1489.96,1455.46,1488.68,1665418.4,0
2024-11-06,1484.85,1487.41,1465.68,1475.91,1462286.36,0
2024-11-07,1469.52,1524.46,1466.96,1521.91,2242843.79,0
2024-11-08,1525.74,1534.69,1495.07,1497.63,1895104.15,0
2024-11-11,1486.13,1492.52,1465.68,1482.3,1486951.64,0
2024-11-12,1479.74,1512.96,1470.79,1474.63,1717662.55,0
2024-11-13,1469.52,1495.07,1466.96,1483.57,1086263.28,0
2024-11-14,1481.02,1495.07,1473.35,1474.63,1159783.11,0
2024-11-15,1469.52,1483.57,1459.29,1461.85,1215783.51,0
2024-11-18,1486.13,1538.52,1484.85,1501.46,3797324.45,0
2024-11-19,1501.46,1528.3,1475.91,1492.52,2430036.65,0
2024-11-20,1491.24,1501.46,1483.57,1487.41,1286572.48,0
2024-11-21,1484.85,1488.68,1477.18,1481.02,883408.06,0
2024-11-22,1481.02,1483.57,1441.4,1441.4,1625317.44,0
2024-11-25,1441.4,1449.07,1423.51,1428.63,1166020.32,0
